id_resena,id_restaurante,id_fecha,id_sentimiento,id_rating,rating,longitud_reseña
1,10,20260513,24,5,5.0,243
2,10,20260413,24,3,3.0,210
3,10,20260213,24,5,5.0,237
4,10,20251213,16,3,3.0,320
5,10,20260413,19,4,4.0,241
6,10,1,26,5,5.0,303
7,10,1,11,1,1.0,242
8,10,1,3,5,5.0,211
9,10,20250813,9,5,5.0,237
10,10,20260313,7,5,5.0,106
11,10,1,9,5,5.0,242
12,10,1,3,5,5.0,137
13,10,20230713,3,5,5.0,205
14,10,20251013,24,4,4.0,222
15,10,20230713,3,5,5.0,168
16,10,20250913,9,5,5.0,196
17,10,1,3,5,5.0,93
18,10,20250913,16,5,5.0,330
19,10,1,23,1,1.0,242
20,10,20230713,18,5,5.0,115
21,10,1,24,5,5.0,122
22,10,1,24,5,5.0,150
23,10,1,3,5,5.0,104
24,10,1,3,5,5.0,120
25,10,1,3,5,5.0,136
26,10,1,1,5,5.0,123
27,10,20251213,21,1,1.0,236
28,10,20230713,27,3,3.0,338
29,10,20251113,9,5,5.0,330
30,10,20260313,9,1,1.0,189
31,10,1,24,5,5.0,176
32,10,1,28,5,5.0,302
33,10,1,24,5,5.0,117
34,10,1,3,5,5.0,277
35,10,1,3,5,5.0,74
36,10,20260213,24,4,4.0,135
37,10,20260113,23,3,3.0,116
38,10,20260213,9,5,5.0,98
39,10,20230713,13,4,4.0,186
40,10,1,9,5,5.0,67
41,10,1,3,5,5.0,142
42,10,1,3,5,5.0,69
43,10,20240713,24,5,5.0,74
44,10,20230713,3,5,5.0,137
45,10,1,23,1,1.0,234
46,10,1,28,4,4.0,272
47,10,1,24,1,1.0,150
48,10,20240713,3,5,5.0,66
49,10,1,24,5,5.0,230
50,10,1,24,5,5.0,78
51,10,20260213,24,5,5.0,77
52,10,1,24,5,5.0,211
53,10,20240713,24,5,5.0,68
54,10,20251113,3,5,5.0,179
55,10,20230713,16,4,4.0,242
56,10,20230713,23,3,3.0,236
57,10,20240713,24,2,2.0,192
58,10,1,23,5,5.0,128
59,10,20240713,3,5,5.0,61
60,10,20260213,24,4,4.0,78
61,10,1,3,5,5.0,110
62,10,20230713,24,3,3.0,116
63,10,20230713,15,4,4.0,199
64,10,1,3,5,5.0,137
65,10,20230713,3,4,4.0,167
66,10,20240713,18,1,1.0,268
67,10,1,3,5,5.0,104
68,10,20260213,24,5,5.0,52
69,10,1,3,5,5.0,145
70,10,20251013,3,5,5.0,87
71,10,20240713,3,5,5.0,152
72,10,1,24,5,5.0,108
73,10,1,28,5,5.0,104
74,10,20240713,21,3,3.0,114
75,10,20230713,15,1,1.0,152
76,10,20250813,3,5,5.0,38
77,10,1,3,5,5.0,97
78,10,20260413,24,5,5.0,22
79,10,20230713,4,1,1.0,139
80,10,1,24,5,5.0,97
81,10,20240713,3,5,5.0,98
82,10,1,2,1,1.0,84
83,10,1,3,5,5.0,66
84,10,20240713,7,5,5.0,77
85,10,20250813,24,5,5.0,39
86,10,20230713,3,3,3.0,97
87,10,1,24,5,5.0,61
88,10,20230713,24,5,5.0,77
89,10,20230713,24,4,4.0,85
90,10,20230713,24,5,5.0,42
91,10,1,24,5,5.0,90
92,10,1,3,5,5.0,70
93,10,20251213,24,5,5.0,38
94,10,20240713,3,5,5.0,72
95,10,20220713,3,5,5.0,57
96,10,20240713,15,1,1.0,61
97,10,1,24,5,5.0,65
98,10,20240713,24,5,5.0,70
99,10,20230713,24,5,5.0,58
100,10,20230713,24,4,4.0,58
101,10,20230713,3,5,5.0,79
102,10,20230713,3,5,5.0,47
103,10,20240713,23,3,3.0,38
104,10,1,9,5,5.0,38
105,10,1,3,5,5.0,39
106,10,20230713,3,5,5.0,54
107,10,1,24,5,5.0,49
108,10,20240713,3,5,5.0,69
109,10,20230713,24,5,5.0,26
110,10,20220713,23,3,3.0,43
111,10,20230713,24,5,5.0,66
112,10,20240713,3,5,5.0,28
113,10,20240713,9,5,5.0,18
114,10,1,24,5,5.0,45
115,10,1,23,4,4.0,129
116,10,20240713,9,5,5.0,56
117,10,1,24,1,1.0,175
118,10,20260213,23,2,2.0,292
119,10,20260313,3,5,5.0,180
120,10,20260113,10,4,4.0,239
121,10,1,24,5,5.0,91
122,10,20260413,2,1,1.0,157
123,10,20251213,3,5,5.0,218
124,10,1,9,4,4.0,178
125,10,20240713,3,5,5.0,171
126,10,20260313,15,2,2.0,213
127,10,20230713,23,5,5.0,111
128,10,20260113,3,2,2.0,216
129,10,20260213,24,3,3.0,242
130,10,20230713,7,5,5.0,197
131,10,1,3,5,5.0,210
132,10,20240713,24,5,5.0,232
133,10,20240713,24,5,5.0,137
134,10,20250813,24,5,5.0,236
135,10,20240713,24,5,5.0,151
136,10,20260113,5,4,4.0,238
137,10,20260213,3,5,5.0,104
138,10,20260113,3,5,5.0,66
139,10,20230713,24,5,5.0,107
140,10,20230713,7,5,5.0,90
141,10,20250913,24,5,5.0,166
142,10,1,8,5,5.0,189
143,10,1,3,5,5.0,152
144,10,20251013,24,5,5.0,85
145,10,20230713,24,5,5.0,127
146,10,20220713,3,5,5.0,241
147,10,1,3,4,4.0,41
148,10,20230713,24,3,3.0,84
149,10,20230713,24,1,1.0,249
150,10,1,3,5,5.0,100
151,6,1,16,5,5.0,192
152,6,20251113,19,5,5.0,253
153,6,20260413,3,5,5.0,80
154,6,20251013,9,3,3.0,240
155,6,20260213,3,5,5.0,135
156,6,20230713,24,5,5.0,91
157,6,20230713,9,5,5.0,108
158,6,20240713,3,4,4.0,238
159,6,20240713,3,5,5.0,91
160,6,20250913,27,4,4.0,104
161,6,20230713,3,5,5.0,238
162,6,20240713,24,1,1.0,242
163,6,1,3,5,5.0,206
164,6,20230713,24,5,5.0,59
165,6,1,12,5,5.0,44
166,6,20250813,3,5,5.0,43
167,6,1,6,1,1.0,105
168,6,20230713,3,5,5.0,97
169,6,20230713,9,5,5.0,216
170,6,1,3,5,5.0,50
171,6,1,28,5,5.0,95
172,6,20230713,3,5,5.0,165
173,6,20240713,3,5,5.0,117
174,6,20230713,3,4,4.0,118
175,6,20230713,24,3,3.0,122
176,6,20240713,1,4,4.0,85
177,6,1,3,5,5.0,92
178,6,1,3,5,5.0,101
179,6,20230713,3,5,5.0,170
180,6,20240713,7,5,5.0,103
181,6,20250813,28,5,5.0,74
182,6,1,24,4,4.0,90
183,6,20240713,3,5,5.0,92
184,6,20230713,24,4,4.0,77
185,6,20230713,20,3,3.0,50
186,6,20240713,3,5,5.0,74
187,6,20230713,3,5,5.0,69
188,6,20230713,16,5,5.0,86
189,6,20230713,23,5,5.0,74
190,6,20230713,24,4,4.0,71
191,6,20230713,3,4,4.0,108
192,6,20251213,24,3,3.0,107
193,6,20240713,3,4,4.0,103
194,6,20230713,24,4,4.0,80
195,6,20240713,3,4,4.0,83
196,6,20240713,3,5,5.0,53
197,6,20230713,23,5,5.0,86
198,6,20240713,21,4,4.0,55
199,6,1,18,3,3.0,60
200,6,1,17,4,4.0,46
201,6,1,24,4,4.0,60
202,6,20230713,3,4,4.0,46
203,6,20240713,3,4,4.0,72
204,6,20240713,18,1,1.0,78
205,6,1,3,5,5.0,74
206,6,20260313,23,5,5.0,51
207,6,20230713,24,4,4.0,33
208,6,20230713,3,5,5.0,29
209,6,20240713,24,5,5.0,45
210,6,20230713,23,5,5.0,64
211,6,1,23,5,5.0,45
212,6,20230713,24,5,5.0,66
213,6,20240713,23,5,5.0,66
214,6,20240713,28,5,5.0,37
215,6,20240713,23,5,5.0,61
216,6,20250813,3,5,5.0,39
217,6,20230713,24,5,5.0,41
218,6,20240713,3,5,5.0,36
219,6,20240713,3,5,5.0,46
220,6,20260313,23,5,5.0,88
221,6,20230713,24,3,3.0,40
222,6,1,23,5,5.0,36
223,6,20230713,18,4,4.0,33
224,6,20230713,3,5,5.0,39
225,6,20240713,3,5,5.0,32
226,6,20240713,24,5,5.0,37
227,6,20240713,23,5,5.0,105
228,6,20240713,24,4,4.0,36
229,6,20230713,24,5,5.0,34
230,6,20230713,3,5,5.0,9
231,6,1,24,5,5.0,104
232,6,20260513,23,5,5.0,42
233,6,1,3,5,5.0,87
234,6,20230713,24,4,4.0,130
235,6,20251113,3,5,5.0,144
236,6,20240713,24,5,5.0,75
237,6,20260313,23,5,5.0,103
238,6,1,23,2,2.0,99
239,6,1,23,4,4.0,105
240,6,20260513,23,3,3.0,93
241,6,20260413,23,5,5.0,94
242,6,20260313,23,5,5.0,99
243,6,20260313,23,5,5.0,108
244,6,20260313,23,5,5.0,82
245,6,20260313,23,5,5.0,121
246,6,20260213,23,5,5.0,106
247,6,20251013,23,3,3.0,84
248,6,20260213,23,5,5.0,89
249,6,20260113,23,5,5.0,81
250,6,20260113,23,5,5.0,111
251,6,20230713,24,4,4.0,28
252,6,20251213,23,5,5.0,84
253,6,20251213,23,5,5.0,101
254,6,20250913,23,5,5.0,117
255,6,20251213,23,5,5.0,103
256,6,20251113,23,4,4.0,101
257,6,1,23,5,5.0,90
258,6,20250913,23,5,5.0,100
259,6,20250813,3,5,5.0,75
260,6,1,23,5,5.0,107
261,6,20250813,23,5,5.0,112
262,6,1,23,5,5.0,106
263,6,1,23,4,4.0,90
264,6,1,23,5,5.0,101
265,6,1,23,5,5.0,100
266,6,1,23,4,4.0,130
267,6,1,23,5,5.0,114
268,6,1,23,5,5.0,89
269,6,1,23,4,4.0,93
270,6,1,23,5,5.0,109
271,6,1,24,4,4.0,81
272,6,1,23,5,5.0,101
273,6,1,23,5,5.0,116
274,6,1,23,5,5.0,81
275,6,20240713,23,5,5.0,112
276,6,1,23,5,5.0,65
277,6,1,23,5,5.0,108
278,6,1,23,4,4.0,121
279,6,20240713,23,5,5.0,112
280,6,20240713,23,4,4.0,110
281,6,20240713,23,5,5.0,81
282,6,20240713,23,5,5.0,69
283,6,20240713,23,5,5.0,96
284,6,20240713,23,5,5.0,94
285,6,20240713,23,5,5.0,88
286,6,20240713,23,4,4.0,101
287,6,20240713,23,5,5.0,104
288,6,20240713,23,5,5.0,103
289,6,20240713,23,5,5.0,87
290,6,20240713,23,5,5.0,115
291,6,20240713,23,3,3.0,71
292,6,20240713,23,4,4.0,99
293,6,20240713,23,4,4.0,70
294,6,20240713,23,5,5.0,98
295,6,20240713,23,4,4.0,99
296,6,20240713,3,5,5.0,97
297,6,20240713,23,5,5.0,80
298,6,20240713,23,5,5.0,82
299,6,20240713,23,5,5.0,101
300,7,20260213,28,5,5.0,258
301,7,20260313,27,5,5.0,289
302,7,1,9,5,5.0,109
303,7,20251213,24,5,5.0,102
304,7,20260113,3,5,5.0,58
305,7,20251213,3,5,5.0,39
306,7,20260313,3,5,5.0,96
307,7,20260513,23,5,5.0,115
308,7,20260213,23,5,5.0,86
309,7,20251213,23,5,5.0,107
310,7,20250913,23,5,5.0,109
311,7,1,23,5,5.0,94
312,7,1,23,5,5.0,49
313,7,20260413,23,5,5.0,56
314,7,20251213,23,5,5.0,67
315,3,20240713,24,5,5.0,95
316,3,20251013,23,4,4.0,47
317,3,20240713,3,5,5.0,107
318,3,20240713,3,5,5.0,104
319,3,20230713,16,5,5.0,106
320,3,20220713,24,5,5.0,76
321,3,20220713,9,5,5.0,98
322,3,20230713,24,5,5.0,103
323,3,20220713,7,5,5.0,44
324,3,20240713,3,5,5.0,64
325,3,1,3,4,4.0,38
326,3,20240713,24,5,5.0,38
327,3,20220713,16,5,5.0,33
328,3,20220713,24,4,4.0,58
329,3,20210713,24,5,5.0,33
330,3,20230713,28,5,5.0,78
331,3,20210713,23,5,5.0,59
332,3,20230713,24,5,5.0,45
333,3,20220713,23,5,5.0,17
334,3,20230713,28,4,4.0,42
335,3,20220713,24,4,4.0,24
336,3,1,24,4,4.0,45
337,3,20230713,23,5,5.0,32
338,3,20210713,3,5,5.0,18
339,3,20230713,24,3,3.0,29
340,3,20220713,3,5,5.0,23
341,3,20210713,24,5,5.0,11
342,3,1,25,5,5.0,192
343,3,20230713,24,4,4.0,42
344,3,20260213,23,5,5.0,106
345,3,20250813,23,5,5.0,114
346,3,1,23,4,4.0,72
347,3,1,23,4,4.0,87
348,3,20240713,23,5,5.0,92
349,3,20240713,23,5,5.0,101
350,3,20240713,23,5,5.0,104
351,3,20230713,23,5,5.0,59
352,3,20230713,23,5,5.0,122
353,3,20230713,23,5,5.0,90
354,3,20230713,23,5,5.0,111
355,3,20230713,23,4,4.0,111
356,3,20230713,23,4,4.0,86
357,3,20230713,23,5,5.0,105
358,3,20240713,23,5,5.0,35
359,3,20240713,23,5,5.0,62
360,3,20240713,23,5,5.0,71
361,3,20230713,23,4,4.0,59
362,3,20230713,23,5,5.0,58
363,3,20230713,23,5,5.0,36
364,3,20230713,23,5,5.0,45
365,3,20230713,23,5,5.0,56
366,3,20230713,23,4,4.0,47
367,3,20230713,23,5,5.0,42
368,3,20220713,23,5,5.0,35
369,3,20220713,23,5,5.0,34
370,3,20220713,23,5,5.0,60
371,3,20220713,23,3,3.0,41
372,3,20220713,23,5,5.0,40
373,3,20220713,23,4,4.0,65
374,3,20220713,23,5,5.0,61
375,3,20220713,23,4,4.0,41
376,3,20220713,23,5,5.0,45
377,3,20220713,23,5,5.0,55
378,3,20220713,23,5,5.0,29
379,3,20220713,23,5,5.0,55
380,3,20220713,3,4,4.0,41
381,3,20210713,23,5,5.0,49
382,3,20210713,23,5,5.0,32
383,1,20251213,3,5,5.0,243
384,1,20260213,24,5,5.0,238
385,1,20260513,24,5,5.0,235
386,1,20260413,23,5,5.0,124
387,1,20260413,23,5,5.0,243
388,1,20260313,3,4,4.0,331
389,1,1,3,5,5.0,190
390,1,20251213,3,5,5.0,212
391,1,20260113,3,5,5.0,184
392,1,20260213,16,5,5.0,228
393,1,20260513,3,5,5.0,230
394,1,20260213,3,5,5.0,162
395,1,20251013,3,5,5.0,203
396,1,20260113,3,5,5.0,108
397,1,20260413,3,4,4.0,243
398,1,1,9,5,5.0,274
399,1,1,28,5,5.0,227
400,1,1,24,5,5.0,242
401,1,1,23,5,5.0,242
402,1,1,24,5,5.0,239
403,1,20260313,24,3,3.0,174
404,1,1,3,5,5.0,242
405,1,1,28,5,5.0,336
406,1,20260513,3,5,5.0,200
407,1,20260513,3,5,5.0,319
408,1,20251113,28,2,2.0,238
409,1,1,9,5,5.0,242
410,1,20251113,3,5,5.0,69
411,1,20260213,15,2,2.0,244
412,1,20240713,3,3,3.0,324
413,1,20251213,24,5,5.0,148
414,1,1,3,5,5.0,132
415,1,20260213,3,5,5.0,108
416,1,1,3,5,5.0,237
417,1,20230713,23,5,5.0,243
418,1,20251013,3,5,5.0,163
419,1,1,3,5,5.0,143
420,1,20251113,3,5,5.0,97
421,1,20230713,19,5,5.0,270
422,1,1,3,4,4.0,244
423,1,20240713,28,5,5.0,326
424,1,1,3,5,5.0,243
425,1,20240713,9,5,5.0,221
426,1,20210713,3,4,4.0,333
427,1,1,16,5,5.0,165
428,1,1,3,5,5.0,196
429,1,1,3,5,5.0,182
430,1,1,3,5,5.0,124
431,1,1,3,5,5.0,174
432,1,1,3,5,5.0,118
433,1,20240713,9,5,5.0,294
434,1,20251213,3,5,5.0,199
435,1,1,9,5,5.0,238
436,1,20250813,3,5,5.0,167
437,1,20210713,3,5,5.0,264
438,1,20251013,3,5,5.0,270
439,1,20200713,3,5,5.0,177
440,1,1,11,1,1.0,182
441,1,1,3,5,5.0,130
442,1,20251213,24,5,5.0,123
443,1,20240713,3,5,5.0,241
444,1,20230713,24,5,5.0,324
445,1,1,9,5,5.0,206
446,1,1,24,5,5.0,104
447,1,20240713,24,5,5.0,246
448,1,1,9,5,5.0,168
449,1,20240713,3,4,4.0,64
450,1,1,9,5,5.0,330
451,1,20190713,24,5,5.0,166
452,1,20230713,3,4,4.0,89
453,1,20220713,9,4,4.0,247
454,1,1,3,5,5.0,117
455,1,20230713,15,4,4.0,236
456,1,1,24,5,5.0,145
457,1,1,3,5,5.0,120
458,1,1,4,1,1.0,238
459,1,20240713,3,5,5.0,132
460,1,1,3,5,5.0,82
461,1,20251013,3,5,5.0,82
462,1,20240713,3,5,5.0,225
463,1,20200713,16,5,5.0,325
464,1,20200713,3,5,5.0,302
465,1,1,9,5,5.0,142
466,1,20200713,3,5,5.0,213
467,1,20251113,3,5,5.0,118
468,1,20251013,24,5,5.0,124
469,1,20200713,24,5,5.0,239
470,1,20230713,3,5,5.0,120
471,1,20260113,24,1,1.0,240
472,1,20260313,15,1,1.0,187
473,1,1,3,5,5.0,81
474,1,20260113,3,5,5.0,170
475,1,1,24,5,5.0,121
476,1,1,15,5,5.0,146
477,1,20220713,24,5,5.0,217
478,1,1,9,5,5.0,236
479,1,20190713,3,5,5.0,125
480,1,20220713,3,4,4.0,129
481,1,20251013,9,5,5.0,242
482,1,1,3,5,5.0,80
483,1,1,24,5,5.0,116
484,1,20230713,24,5,5.0,123
485,1,1,24,5,5.0,211
486,1,20240713,9,4,4.0,183
487,1,1,24,5,5.0,109
488,1,20200713,23,5,5.0,79
489,1,20260513,3,5,5.0,49
490,1,1,3,5,5.0,167
491,1,20251213,27,5,5.0,283
492,1,20260513,9,5,5.0,63
493,1,20190713,3,5,5.0,92
494,1,1,3,5,5.0,145
495,1,1,3,5,5.0,103
496,1,20220713,3,5,5.0,96
497,1,20240713,3,5,5.0,96
498,1,20251013,9,5,5.0,304
499,1,20220713,16,4,4.0,81
500,1,20230713,3,5,5.0,122
501,1,20220713,24,5,5.0,88
502,1,20250913,3,5,5.0,229
503,1,20251013,24,5,5.0,229
504,1,1,28,5,5.0,114
505,1,20260313,3,4,4.0,118
506,1,20250913,3,5,5.0,138
507,1,20240713,24,5,5.0,109
508,1,20220713,3,5,5.0,55
509,1,20240713,3,5,5.0,128
510,1,20250813,3,3,3.0,266
511,1,20240713,3,5,5.0,89
512,1,1,3,5,5.0,75
513,1,20230713,21,4,4.0,150
514,1,20251013,9,5,5.0,222
515,1,20230713,24,5,5.0,89
516,1,20251013,24,5,5.0,147
517,1,20240713,23,5,5.0,90
518,1,20230713,24,5,5.0,61
519,1,20210713,3,5,5.0,120
520,1,20250913,16,5,5.0,161
521,1,20220713,3,5,5.0,124
522,1,20250913,18,4,4.0,95
523,1,20260313,24,5,5.0,74
524,1,20200713,3,5,5.0,85
525,1,1,3,5,5.0,176
526,1,20200713,3,5,5.0,60
527,1,1,9,5,5.0,135
528,1,1,3,5,5.0,120
529,1,1,28,5,5.0,282
530,1,20200713,3,5,5.0,76
531,1,20251113,23,5,5.0,50
532,2,20260513,24,4,4.0,181
533,2,20240713,23,3,3.0,94
534,2,20251113,24,1,1.0,242
535,2,1,3,5,5.0,86
536,2,20190713,16,5,5.0,95
537,2,20220713,2,3,3.0,175
538,2,20230713,16,5,5.0,240
539,2,1,24,5,5.0,112
540,2,20230713,23,5,5.0,340
541,2,20230713,9,5,5.0,238
542,2,20230713,28,3,3.0,148
543,2,1,24,5,5.0,144
544,2,20230713,9,4,4.0,206
545,2,1,18,1,1.0,203
546,2,1,7,4,4.0,121
547,2,20230713,3,5,5.0,129
548,2,20230713,3,2,2.0,292
549,2,20210713,3,5,5.0,169
550,2,20240713,24,5,5.0,137
551,2,1,16,5,5.0,125
552,2,20240713,3,5,5.0,109
553,2,20210713,24,1,1.0,226
554,2,1,23,5,5.0,139
555,2,20240713,20,2,2.0,110
556,2,20200713,24,4,4.0,148
557,2,20200713,3,5,5.0,156
558,2,20240713,3,4,4.0,106
559,2,20240713,3,5,5.0,152
560,2,20230713,3,5,5.0,52
561,2,20230713,28,4,4.0,104
562,2,20230713,3,3,3.0,126
563,2,20220713,9,5,5.0,108
564,2,20220713,24,4,4.0,143
565,2,20230713,3,5,5.0,85
566,2,20220713,3,5,5.0,91
567,2,20210713,24,5,5.0,134
568,2,20240713,24,5,5.0,104
569,2,20230713,26,5,5.0,176
570,2,20220713,3,5,5.0,178
571,2,20220713,2,3,3.0,194
572,2,20200713,3,5,5.0,122
573,2,20200713,16,5,5.0,80
574,2,20210713,3,5,5.0,77
575,2,20240713,23,5,5.0,63
576,2,20220713,24,5,5.0,66
577,2,20220713,3,5,5.0,114
578,2,20210713,3,5,5.0,99
579,2,20230713,16,4,4.0,30
580,2,20210713,7,5,5.0,152
581,2,20200713,7,4,4.0,122
582,2,20240713,9,5,5.0,98
583,2,20220713,24,5,5.0,83
584,2,20220713,3,4,4.0,97
585,2,1,24,4,4.0,34
586,2,20200713,3,5,5.0,77
587,2,20230713,24,4,4.0,82
588,2,20200713,3,5,5.0,154
589,2,20220713,24,4,4.0,63
590,2,20210713,3,4,4.0,93
591,2,20220713,3,5,5.0,16
592,2,20240713,7,5,5.0,73
593,2,20230713,24,3,3.0,89
594,2,20220713,3,5,5.0,48
595,2,20220713,9,5,5.0,37
596,2,20220713,3,5,5.0,46
597,2,20210713,24,4,4.0,60
598,2,20230713,23,2,2.0,97
599,2,20220713,3,4,4.0,46
600,2,20220713,3,5,5.0,54
601,2,20200713,24,5,5.0,41
602,2,20230713,16,4,4.0,61
603,2,20230713,24,5,5.0,80
604,2,20220713,3,5,5.0,33
605,2,20210713,3,5,5.0,31
606,2,20220713,24,5,5.0,27
607,2,20200713,24,5,5.0,50
608,2,20240713,24,4,4.0,47
609,2,20210713,3,5,5.0,51
610,2,1,23,5,5.0,54
611,2,20230713,24,4,4.0,19
612,2,20220713,24,5,5.0,32
613,2,20220713,23,5,5.0,49
614,2,20220713,3,5,5.0,40
615,2,20200713,24,5,5.0,59
616,2,20230713,23,1,1.0,74
617,2,20210713,3,5,5.0,33
618,2,20230713,24,5,5.0,42
619,2,20220713,3,5,5.0,14
620,2,20210713,3,5,5.0,14
621,2,20210713,3,5,5.0,37
622,2,20200713,3,2,2.0,17
623,2,20240713,24,4,4.0,35
624,2,1,24,3,3.0,33
625,2,20190713,3,4,4.0,31
626,2,20230713,3,5,5.0,72
627,2,20220713,3,5,5.0,26
628,2,20220713,24,5,5.0,30
629,2,20230713,23,4,4.0,46
630,2,20220713,23,4,4.0,24
631,2,20220713,3,5,5.0,22
632,2,20220713,24,4,4.0,18
633,2,20200713,3,3,3.0,26
634,2,20210713,24,4,4.0,25
635,2,20220713,24,4,4.0,14
636,2,20220713,24,5,5.0,16
637,2,20220713,23,4,4.0,10
638,2,20240713,3,4,4.0,37
639,2,20230713,24,4,4.0,15
640,2,20220713,24,5,5.0,10
641,2,20220713,3,5,5.0,18
642,2,20220713,24,5,5.0,10
643,2,20200713,24,5,5.0,24
644,2,20230713,24,5,5.0,10
645,2,20200713,3,5,5.0,20
646,2,20230713,24,5,5.0,42
647,2,20220713,24,4,4.0,12
648,2,20200713,23,5,5.0,10
649,2,20220713,23,4,4.0,13
650,2,20220713,24,5,5.0,17
651,2,20240713,24,3,3.0,57
652,2,20220713,3,5,5.0,9
653,2,20200713,23,4,4.0,10
654,2,20210713,23,5,5.0,17
655,2,20190713,23,5,5.0,29
656,2,20220713,23,2,2.0,20
657,2,1,23,2,2.0,117
658,2,20200713,3,5,5.0,13
659,2,20210713,23,5,5.0,11
660,2,20220713,23,5,5.0,16
661,2,20210713,23,5,5.0,9
662,2,1,3,4,4.0,76
663,2,20230713,23,4,4.0,82
664,2,20210713,3,5,5.0,50
665,2,20230713,23,5,5.0,68
666,2,20240713,3,5,5.0,40
667,2,20200713,23,5,5.0,26
668,2,20240713,3,5,5.0,38
669,2,20220713,23,5,5.0,60
670,2,20220713,23,5,5.0,70
671,2,20260213,23,5,5.0,120
672,5,1,9,5,5.0,317
673,5,20260413,3,5,5.0,169
674,5,20260313,9,4,4.0,290
675,5,20260513,3,5,5.0,172
676,5,20260213,28,5,5.0,243
677,5,20251213,3,5,5.0,300
678,5,20260213,16,4,4.0,189
679,5,20260213,9,5,5.0,207
680,5,20251113,9,5,5.0,242
681,5,20260313,23,5,5.0,131
682,5,20260313,3,5,5.0,179
683,5,1,3,5,5.0,123
684,5,1,3,5,5.0,173
685,5,20260413,3,5,5.0,180
686,5,20260513,3,5,5.0,193
687,5,1,3,5,5.0,150
688,5,1,24,5,5.0,104
689,5,1,9,5,5.0,170
690,5,20260113,28,5,5.0,200
691,5,20251013,3,4,4.0,241
692,5,20260213,3,5,5.0,125
693,5,20260313,3,5,5.0,232
694,5,20260113,9,5,5.0,280
695,5,20260313,28,5,5.0,161
696,5,20260313,3,5,5.0,239
697,5,20260313,3,5,5.0,104
698,5,20251113,24,5,5.0,202
699,5,20260413,12,5,5.0,117
700,5,20260213,3,5,5.0,173
701,5,20260113,3,5,5.0,118
702,5,20260513,3,5,5.0,242
703,5,20251213,3,5,5.0,260
704,5,20260213,9,5,5.0,115
705,5,20260313,24,5,5.0,94
706,5,20260413,3,5,5.0,108
707,5,1,3,5,5.0,138
708,5,20251213,20,4,4.0,142
709,5,20260213,3,5,5.0,225
710,5,20260313,3,5,5.0,130
711,5,20260513,3,4,4.0,111
712,5,20260213,9,5,5.0,141
713,5,1,24,3,3.0,235
714,5,20260413,3,5,5.0,241
715,5,20260113,28,5,5.0,111
716,5,20260413,9,5,5.0,236
717,5,20250913,9,5,5.0,239
718,5,20260413,9,5,5.0,225
719,5,20260113,9,5,5.0,112
720,5,20260213,9,5,5.0,121
721,5,20251213,3,5,5.0,98
722,5,20251113,24,4,4.0,103
723,5,20250813,3,5,5.0,242
724,5,20251213,3,5,5.0,118
725,5,20260213,3,5,5.0,239
726,5,20260513,3,5,5.0,147
727,5,20260213,3,5,5.0,239
728,5,20260213,9,5,5.0,82
729,5,20260513,3,5,5.0,266
730,5,20260213,9,5,5.0,166
731,5,20251013,9,5,5.0,240
732,5,1,3,4,4.0,234
733,5,20260513,24,5,5.0,177
734,5,20260413,24,5,5.0,105
735,5,20260313,3,5,5.0,121
736,5,20260313,9,5,5.0,151
737,5,20250913,3,5,5.0,242
738,5,20250813,3,4,4.0,254
739,5,1,3,5,5.0,189
740,5,1,9,5,5.0,230
741,5,20251213,9,5,5.0,174
742,5,20251013,23,5,5.0,136
743,5,20250913,9,5,5.0,141
744,5,20260113,9,5,5.0,104
745,5,20260213,3,5,5.0,104
746,5,20250913,9,5,5.0,159
747,5,1,9,5,5.0,214
748,5,20260413,28,1,1.0,243
749,5,1,3,5,5.0,121
750,5,20260313,23,3,3.0,244
751,5,20251113,9,5,5.0,231
752,5,1,9,5,5.0,168
753,5,20260413,9,5,5.0,236
754,5,1,24,5,5.0,240
755,5,20260113,3,5,5.0,128
756,5,20260513,3,5,5.0,81
757,5,20240713,3,4,4.0,244
758,5,20260413,9,5,5.0,100
759,5,20250813,9,5,5.0,177
760,5,20251113,3,4,4.0,75
761,5,20250913,9,5,5.0,206
762,5,1,9,5,5.0,132
763,5,1,9,5,5.0,229
764,5,20260413,9,5,5.0,207
765,5,20251113,28,5,5.0,162
766,5,20251113,3,4,4.0,159
767,5,1,9,5,5.0,123
768,5,1,28,5,5.0,72
769,5,20251113,24,5,5.0,124
770,5,20240713,3,5,5.0,242
771,5,20250913,9,5,5.0,286
772,5,20230713,3,5,5.0,301
773,5,20251113,24,5,5.0,303
774,5,20250813,3,5,5.0,191
775,5,20251213,9,5,5.0,167
776,5,20260113,3,5,5.0,108
777,5,20260213,3,5,5.0,169
778,5,20260413,15,1,1.0,243
779,5,20260113,23,5,5.0,119
780,5,20260513,28,4,4.0,243
781,5,20260413,9,5,5.0,159
782,5,20260213,9,5,5.0,232
783,5,20260413,3,5,5.0,171
784,5,1,3,5,5.0,261
785,5,1,3,5,5.0,231
786,5,20250913,9,5,5.0,334
787,5,20250813,9,5,5.0,87
788,5,1,22,5,5.0,313
789,5,20230713,28,5,5.0,308
790,5,20251013,9,5,5.0,105
791,5,20220713,9,5,5.0,323
792,5,1,28,5,5.0,162
793,5,20240713,9,5,5.0,233
794,5,1,24,4,4.0,175
795,5,20260313,3,4,4.0,179
796,5,1,3,5,5.0,175
797,5,20260513,3,5,5.0,104
798,5,20251013,24,5,5.0,188
799,5,20251113,9,5,5.0,129
800,5,20260313,28,5,5.0,241
801,5,20230713,3,5,5.0,238
802,5,20251013,24,5,5.0,255
803,5,20260113,23,5,5.0,124
804,5,20200713,24,5,5.0,142
805,5,20220713,16,5,5.0,241
806,5,1,9,5,5.0,135
807,5,20260413,28,5,5.0,99
808,5,1,24,5,5.0,183
809,5,20260313,3,5,5.0,275
810,5,1,24,5,5.0,178
811,5,20251113,28,5,5.0,82
812,5,20240713,9,5,5.0,339
813,5,20260413,23,1,1.0,123
814,5,20240713,9,4,4.0,292
815,5,20240713,3,5,5.0,239
816,5,20251113,3,5,5.0,242
817,5,1,3,5,5.0,78
818,5,20251213,3,5,5.0,102
819,5,20220713,3,5,5.0,238
820,5,20251113,9,5,5.0,75
821,5,20260413,24,5,5.0,92
822,8,20240713,24,5,5.0,16
823,8,1,23,5,5.0,117
824,8,20220713,3,5,5.0,268
825,8,20240713,24,5,5.0,104
826,8,20220713,3,5,5.0,72
827,8,20190713,24,4,4.0,144
828,8,20210713,21,1,1.0,243
829,8,20240713,24,5,5.0,68
830,8,20230713,3,5,5.0,91
831,8,20200713,3,5,5.0,72
832,8,20240713,24,5,5.0,34
833,8,20200713,9,5,5.0,54
834,8,20190713,24,5,5.0,77
835,8,20220713,24,5,5.0,79
836,8,20190713,24,3,3.0,114
837,8,20190713,3,5,5.0,61
838,8,20190713,28,3,3.0,135
839,8,20190713,7,4,4.0,46
840,8,20200713,19,5,5.0,51
841,8,20200713,24,3,3.0,63
842,8,20210713,24,3,3.0,52
843,8,20220713,3,2,2.0,50
844,8,20240713,28,4,4.0,73
845,8,20200713,24,5,5.0,49
846,8,20220713,24,5,5.0,28
847,8,20190713,3,5,5.0,50
848,8,20230713,3,4,4.0,77
849,8,20200713,23,1,1.0,74
850,8,20210713,24,5,5.0,68
851,8,20220713,23,3,3.0,91
852,8,20200713,23,5,5.0,38
853,8,20200713,24,5,5.0,44
854,8,20220713,23,2,2.0,46
855,8,20190713,6,4,4.0,32
856,8,20210713,7,4,4.0,30
857,8,20190713,23,1,1.0,27
858,8,20210713,23,5,5.0,27
859,8,20251013,24,4,4.0,37
860,8,20220713,24,5,5.0,36
861,8,20240713,3,5,5.0,53
862,8,20200713,24,5,5.0,47
863,8,20240713,28,4,4.0,40
864,8,20210713,23,5,5.0,20
865,8,20210713,24,5,5.0,23
866,8,20210713,24,4,4.0,12
867,8,20200713,3,5,5.0,29
868,8,20200713,24,5,5.0,19
869,8,20230713,3,5,5.0,62
870,8,20190713,28,5,5.0,13
871,8,20200713,3,5,5.0,18
872,8,20240713,3,5,5.0,31
873,8,20220713,23,5,5.0,22
874,8,20190713,3,3,3.0,14
875,8,20220713,23,5,5.0,24
876,8,20190713,21,1,1.0,10
877,8,20190713,24,4,4.0,17
878,8,20200713,23,3,3.0,25
879,8,20190713,3,5,5.0,15
880,8,20190713,23,5,5.0,19
881,8,20220713,23,5,5.0,10
882,8,20200713,24,5,5.0,13
883,8,20190713,24,5,5.0,18
884,8,20200713,23,3,3.0,15
885,8,20190713,23,3,3.0,15
886,8,20190713,3,5,5.0,19
887,8,1,23,4,4.0,110
888,8,20200713,3,5,5.0,11
889,8,20210713,23,4,4.0,12
890,8,20190713,24,3,3.0,33
891,8,20220713,23,5,5.0,104
892,8,20200713,23,4,4.0,58
893,8,20260213,23,4,4.0,70
894,8,20251013,23,5,5.0,88
895,8,1,23,5,5.0,104
896,8,1,23,5,5.0,110
897,8,1,23,5,5.0,96
898,8,20240713,23,5,5.0,111
899,8,20240713,23,5,5.0,84
900,8,20240713,23,5,5.0,100
901,8,20240713,23,5,5.0,124
902,8,20240713,23,5,5.0,98
903,8,20240713,23,2,2.0,78
904,8,20240713,23,5,5.0,68
905,8,20240713,23,5,5.0,112
906,8,20240713,23,4,4.0,121
907,8,20230713,23,5,5.0,88
908,8,20230713,23,5,5.0,104
909,8,20230713,23,5,5.0,75
910,8,20230713,23,4,4.0,92
911,8,20230713,23,5,5.0,97
912,8,20230713,23,5,5.0,103
913,8,20230713,23,3,3.0,104
914,8,20230713,23,5,5.0,91
915,8,20230713,23,5,5.0,104
916,8,20230713,23,4,4.0,92
917,8,20230713,23,5,5.0,88
918,8,20260313,23,5,5.0,35
919,8,20240713,23,4,4.0,35
920,8,20240713,23,5,5.0,52
921,8,20240713,23,5,5.0,63
922,8,20240713,23,4,4.0,37
923,8,20240713,23,4,4.0,32
924,8,20230713,23,5,5.0,59
925,8,20230713,23,4,4.0,23
926,8,20230713,23,5,5.0,46
927,8,20230713,23,4,4.0,56
928,8,20230713,23,5,5.0,49
929,8,20230713,23,5,5.0,42
930,8,20230713,23,2,2.0,58
931,8,20220713,23,5,5.0,41
932,8,20220713,23,5,5.0,58
933,8,20220713,23,5,5.0,65
934,8,20220713,23,5,5.0,42
935,8,20220713,23,3,3.0,57
936,8,20220713,23,3,3.0,22
937,8,20220713,23,5,5.0,35
938,8,20220713,23,5,5.0,47
939,8,20220713,23,5,5.0,54
940,8,20220713,23,4,4.0,59
941,8,20220713,23,5,5.0,32
942,8,20210713,23,5,5.0,32
943,8,20210713,23,5,5.0,34
944,8,20210713,23,5,5.0,57
945,8,20210713,23,4,4.0,28
946,8,20210713,23,5,5.0,24
947,8,20210713,23,4,4.0,44
948,8,20210713,23,4,4.0,65
949,8,20210713,23,5,5.0,43
950,8,20210713,23,1,1.0,45
951,8,20210713,23,5,5.0,30
952,8,20210713,23,5,5.0,45
953,8,20210713,23,3,3.0,25
954,8,20210713,23,3,3.0,56
955,8,20210713,23,3,3.0,45
956,8,20210713,24,4,4.0,65
957,8,20200713,23,5,5.0,26
958,8,20200713,23,5,5.0,50
959,8,20200713,23,5,5.0,28
960,8,20200713,23,4,4.0,47
961,8,20200713,23,5,5.0,58
962,8,20200713,23,5,5.0,74
963,8,20200713,23,3,3.0,60
964,8,20200713,23,1,1.0,25
965,9,1,3,5,5.0,322
966,9,1,9,5,5.0,242
967,9,20260413,23,5,5.0,240
968,9,20260513,23,5,5.0,171
969,9,20260413,9,5,5.0,232
970,9,20260313,9,5,5.0,234
971,9,20260413,9,5,5.0,123
972,9,20260313,3,5,5.0,219
973,9,20260513,3,5,5.0,178
974,9,20260513,9,5,5.0,241
975,9,20260213,24,5,5.0,189
976,9,20260413,3,5,5.0,173
977,9,1,3,5,5.0,243
978,9,20260313,24,5,5.0,177
979,9,20260113,24,4,4.0,290
980,9,20260413,9,5,5.0,177
981,9,20260413,3,5,5.0,165
982,9,20260113,28,4,4.0,242
983,9,1,3,5,5.0,170
984,9,20260213,3,5,5.0,245
985,9,1,3,5,5.0,196
986,9,20260213,3,5,5.0,225
987,9,1,3,5,5.0,95
988,9,20260313,24,5,5.0,142
989,9,20260313,3,5,5.0,281
990,9,1,3,5,5.0,179
991,9,20260113,3,5,5.0,146
992,9,20260513,3,5,5.0,131
993,9,20260513,3,5,5.0,131
994,9,20260413,3,5,5.0,238
995,9,20251113,24,5,5.0,107
996,9,1,9,5,5.0,274
997,9,20260113,24,5,5.0,174
998,9,20260213,3,5,5.0,137
999,9,20260313,9,5,5.0,184
1000,9,1,28,5,5.0,146
1001,9,20260313,9,5,5.0,275
1002,9,1,3,5,5.0,68
1003,9,1,3,5,5.0,120
1004,9,20260213,24,5,5.0,156
1005,9,20260213,28,5,5.0,243
1006,9,1,3,5,5.0,96
1007,9,20260413,9,5,5.0,235
1008,9,20251113,3,4,4.0,170
1009,9,20260213,3,5,5.0,168
1010,9,20260313,9,5,5.0,173
1011,9,20260513,3,5,5.0,236
1012,9,20250913,3,5,5.0,119
1013,9,1,24,4,4.0,241
1014,9,1,27,5,5.0,242
1015,9,20260213,3,1,1.0,192
1016,9,1,24,5,5.0,243
1017,9,20251213,3,4,4.0,244
1018,9,20260313,3,5,5.0,193
1019,9,20251113,9,5,5.0,291
1020,9,20260113,9,5,5.0,157
1021,9,1,3,4,4.0,198
1022,9,20260513,3,5,5.0,104
1023,9,20260213,3,5,5.0,86
1024,9,20260113,24,5,5.0,183
1025,9,1,24,5,5.0,162
1026,9,1,23,2,2.0,158
1027,9,20260313,28,5,5.0,126
1028,9,1,9,5,5.0,210
1029,9,1,23,5,5.0,189
1030,9,20260113,3,5,5.0,270
1031,9,20260213,9,5,5.0,143
1032,9,20251213,28,5,5.0,113
1033,9,20260413,24,5,5.0,309
1034,9,20260113,24,5,5.0,128
1035,9,20230713,14,4,4.0,238
1036,9,1,24,5,5.0,104
1037,9,1,9,5,5.0,184
1038,9,1,3,5,5.0,163
1039,9,20260313,3,5,5.0,95
1040,9,20251213,3,5,5.0,107
1041,9,1,3,4,4.0,300
1042,9,20260513,24,5,5.0,260
1043,9,20260413,24,4,4.0,132
1044,9,20260313,24,5,5.0,241
1045,9,20251013,3,5,5.0,242
1046,9,20260513,28,5,5.0,163
1047,9,20250813,3,5,5.0,225
1048,9,20250913,24,5,5.0,136
1049,9,1,3,5,5.0,297
1050,9,20260413,3,5,5.0,242
1051,9,20260513,24,5,5.0,96
1052,9,20260513,3,5,5.0,184
1053,9,1,3,5,5.0,88
1054,9,20260413,9,5,5.0,104
1055,9,20260513,9,5,5.0,161
1056,9,20240713,3,5,5.0,106
1057,9,1,28,5,5.0,292
1058,9,20260313,24,5,5.0,171
1059,9,20260513,23,5,5.0,116
1060,9,20260313,28,5,5.0,104
1061,9,20260513,9,5,5.0,210
1062,9,20260213,3,5,5.0,251
1063,9,20260513,28,5,5.0,74
1064,9,1,9,5,5.0,101
1065,9,1,3,5,5.0,55
1066,9,1,28,5,5.0,90
1067,9,20260213,24,5,5.0,85
1068,9,20260513,24,5,5.0,176
1069,9,20260213,24,5,5.0,176
1070,9,20240713,3,5,5.0,238
1071,9,20250913,3,5,5.0,171
1072,9,20260313,9,5,5.0,83
1073,9,1,9,5,5.0,130
1074,9,20260313,24,5,5.0,104
1075,9,20240713,3,5,5.0,241
1076,9,20260413,3,5,5.0,76
1077,9,20240713,3,3,3.0,240
1078,9,1,3,4,4.0,218
1079,9,20260113,24,4,4.0,165
1080,9,1,3,5,5.0,168
1081,9,20240713,23,5,5.0,125
1082,9,20260513,3,5,5.0,68
1083,9,1,9,5,5.0,137
1084,9,20251213,9,5,5.0,276
1085,9,20260513,24,5,5.0,91
1086,9,20260413,28,5,5.0,165
1087,9,20260513,9,5,5.0,150
1088,9,1,3,5,5.0,134
1089,9,20220713,24,5,5.0,242
1090,9,20240713,3,5,5.0,242
1091,9,20260113,9,5,5.0,104
1092,9,20230713,3,5,5.0,309
1093,9,1,3,5,5.0,102
1094,9,1,21,3,3.0,198
1095,9,20260413,28,5,5.0,88
1096,9,1,3,5,5.0,169
1097,9,1,28,5,5.0,62
1098,9,20260413,3,5,5.0,104
1099,9,20260513,3,5,5.0,69
1100,9,1,3,5,5.0,113
1101,9,1,28,5,5.0,110
1102,9,20260413,28,4,4.0,261
1103,9,1,3,5,5.0,113
1104,9,20251113,3,5,5.0,104
1105,9,1,3,5,5.0,128
1106,9,1,3,5,5.0,74
1107,9,1,9,5,5.0,126
1108,9,1,28,5,5.0,72
1109,9,20240713,3,5,5.0,241
1110,9,20250913,3,5,5.0,134
1111,9,20250813,3,5,5.0,204
1112,9,20240713,3,5,5.0,168
1113,9,1,28,5,5.0,105
1114,9,20260113,24,5,5.0,131
1115,4,20251213,3,5,5.0,178
1116,4,20250913,9,5,5.0,199
1117,4,20251213,9,5,5.0,262
1118,4,20260213,28,5,5.0,241
1119,4,20260113,23,5,5.0,243
1120,4,1,24,5,5.0,240
1121,4,20250813,3,5,5.0,239
1122,4,1,3,5,5.0,171
1123,4,20260213,9,5,5.0,190
1124,4,20251013,3,5,5.0,122
1125,4,1,28,5,5.0,127
1126,4,20260213,28,5,5.0,242
1127,4,20260313,3,4,4.0,98
1128,4,1,3,5,5.0,205
1129,4,20240713,24,5,5.0,238
1130,4,20240713,3,5,5.0,183
1131,4,20260213,9,5,5.0,167
1132,4,20260313,3,5,5.0,113
1133,4,20250813,3,5,5.0,137
1134,4,20260513,9,5,5.0,248
1135,4,1,9,5,5.0,248
1136,4,20240713,28,5,5.0,156
1137,4,20240713,3,5,5.0,244
1138,4,1,24,5,5.0,210
1139,4,20250913,3,5,5.0,196
1140,4,20260413,9,5,5.0,164
1141,4,1,3,5,5.0,224
1142,4,1,3,5,5.0,311
1143,4,20260213,28,5,5.0,130
1144,4,1,3,5,5.0,215
1145,4,1,23,5,5.0,237
1146,4,20240713,23,4,4.0,145
1147,4,20260113,3,5,5.0,264
1148,4,20230713,9,5,5.0,201
1149,4,20250813,3,5,5.0,285
1150,4,1,24,5,5.0,180
1151,4,20260313,9,5,5.0,192
1152,4,20250813,9,5,5.0,199
1153,4,20240713,16,5,5.0,259
1154,4,20230713,2,5,5.0,239
1155,4,20230713,3,5,5.0,144
1156,4,20260413,24,5,5.0,149
1157,4,20240713,3,5,5.0,150
1158,4,1,28,5,5.0,161
1159,4,20230713,3,5,5.0,186
1160,4,20230713,3,5,5.0,152
1161,4,20260413,3,5,5.0,131
1162,4,1,24,5,5.0,120
1163,4,20260513,9,5,5.0,167
1164,4,20240713,9,5,5.0,170
1165,4,20260413,9,5,5.0,125
1166,4,20250913,3,5,5.0,166
1167,4,20260313,3,5,5.0,115
1168,4,20260413,28,5,5.0,106
1169,4,1,9,5,5.0,104
1170,4,1,3,5,5.0,168
1171,4,1,9,5,5.0,134
1172,4,1,24,5,5.0,75
1173,4,20260313,3,4,4.0,93
1174,4,20260113,3,4,4.0,126
1175,4,20250813,24,5,5.0,99
1176,4,20240713,9,5,5.0,239
1177,4,20260413,9,5,5.0,103
1178,4,1,3,5,5.0,98
1179,4,20240713,3,5,5.0,120
1180,4,20251213,9,5,5.0,235
1181,4,1,23,5,5.0,90
1182,4,1,9,5,5.0,143
1183,4,20260313,9,5,5.0,86
1184,4,1,28,5,5.0,173
1185,4,1,28,2,2.0,238
1186,4,20260213,3,4,4.0,118
1187,4,20251013,3,5,5.0,176
1188,4,20240713,3,5,5.0,86
1189,4,1,9,5,5.0,104
1190,4,20251213,24,5,5.0,161
1191,4,1,9,5,5.0,87
1192,4,20251113,3,5,5.0,101
1193,4,1,9,5,5.0,253
1194,4,1,3,1,1.0,243
1195,4,20240713,3,5,5.0,244
1196,4,20240713,3,5,5.0,241
1197,4,1,3,5,5.0,239
1198,4,20220713,3,5,5.0,49
1199,4,20240713,9,5,5.0,195
1200,4,20251013,3,5,5.0,90
1201,4,20230713,24,5,5.0,104
1202,4,20251113,3,5,5.0,121
1203,4,20240713,9,5,5.0,282
1204,4,20230713,23,5,5.0,153
1205,4,20251213,3,5,5.0,100
1206,4,1,9,5,5.0,165
1207,4,20230713,9,5,5.0,104
1208,4,1,24,5,5.0,183
1209,4,1,9,5,5.0,157
1210,4,20230713,24,4,4.0,124
1211,4,1,3,5,5.0,104
1212,4,20260113,3,5,5.0,79
1213,4,20230713,24,4,4.0,219
1214,4,20220713,21,1,1.0,238
1215,4,20250913,24,5,5.0,121
1216,4,20230713,9,5,5.0,235
1217,4,1,3,5,5.0,67
1218,4,20240713,9,5,5.0,93
1219,4,1,3,5,5.0,84
1220,4,20220713,18,1,1.0,199
1221,4,1,24,5,5.0,53
1222,4,20230713,9,5,5.0,74
1223,4,20251013,24,5,5.0,104
1224,4,1,3,5,5.0,220
1225,4,20250913,9,5,5.0,91
1226,4,20260213,9,5,5.0,95
1227,4,20240713,24,5,5.0,212
1228,4,20250813,3,5,5.0,105
1229,4,1,23,5,5.0,73
1230,4,1,15,2,2.0,204
1231,4,1,15,5,5.0,167
1232,4,20230713,9,5,5.0,180
1233,4,1,3,5,5.0,169
1234,4,20251113,3,5,5.0,104
1235,4,20260213,9,5,5.0,58
1236,4,1,23,2,2.0,116
1237,4,20251013,24,5,5.0,56
1238,4,20251113,10,1,1.0,126
1239,4,1,9,5,5.0,138
1240,4,1,28,5,5.0,130
1241,4,1,3,5,5.0,160
1242,4,20240713,3,5,5.0,144
1243,4,1,24,5,5.0,119
1244,4,20240713,24,5,5.0,251
1245,4,1,3,5,5.0,106
1246,4,20240713,3,5,5.0,138
1247,4,20240713,24,5,5.0,182
1248,4,20250813,28,5,5.0,111
1249,4,20230713,9,5,5.0,182
1250,4,1,16,5,5.0,103
1251,4,20230713,9,5,5.0,186
1252,4,1,9,5,5.0,137
1253,4,1,3,5,5.0,118
1254,4,1,9,5,5.0,86
1255,4,20250813,9,5,5.0,82
1256,4,20220713,24,5,5.0,196
1257,4,1,3,5,5.0,107
1258,4,20230713,3,5,5.0,154
1259,4,20230713,3,5,5.0,121
1260,4,1,28,5,5.0,95
1261,4,20230713,3,5,5.0,204
1262,4,1,3,5,5.0,104
1263,4,20240713,9,5,5.0,141
1264,4,20220713,1,5,5.0,176
